INSERT INTO shop (id, name, city, street, house, date_start, date_finish)
VALUES
(1, 'Cremin Group', 'Buckridgefort', 'Rau Trace', 20, 'Sat Apr 14 2012', 'Fri Aug 09 2013'),
(2, 'Greenfelder - Corkery', 'West Eunice', 'Kemmer Station', 114, 'Sat Nov 16 2019', 'Tue Aug 31 2010'),
(3, 'Block Inc', 'New Olefurt', 'Murray Garden', 168, 'Sat Nov 05 2016', null),
(4, 'Bernier and Sons', 'Jewellland', 'Beier Avenue', 170, 'Thu Apr 18 2013', null),
(5, 'Hand Inc', 'Smithburgh', 'Ortiz Throughway', 57, 'Fri Aug 25 2017', null),
(6, 'West - Gutkowski', 'Ornfurt', 'OKon Cliffs', 46, 'Sat Nov 07 2015', null),
(7, 'Smith, Hamill and Kuhlman', 'Mabelleburgh', 'Dickinson Gardens', 187, 'Sun Apr 14 2013', 'Sun Jan 12 2014'),
(8, 'Wuckert Group', 'Kautzerhaven', 'Beer Falls', 88, 'Mon Jun 10 2013', null),
(9, 'Hartmann - Moen', 'Jaunitaport', 'Gislason Light', 161, 'Sun Mar 05 2017', 'Fri Oct 14 2011'),
(10,'Schaden, Feeney and Wehner', 'Port Krystina', 'Manuel Valley', 120, 'Tue Jan 26 2016', 'Mon Feb 03 2020'),
(11, 'Heathcote, Becker and Wilkinson', 'West Harleyburgh', 'Erika Lodge', 171, 'Fri Jul 28 2017', null),
(12, 'Hauck, Tromp and Cronin', 'West Zachary', 'Koch Corner', 29, 'Sun Jan 26 2020', null),
(13, 'Cole, Wiza and Monahan', 'Port Rubie', 'Payton Meadow', 82, 'Tue Aug 27 2013', null),
(14, 'Konopelski - McCullough', 'Zulaufburgh', 'Senger Trace', 130, 'Fri Dec 01 2017', 'Tue Sep 06 2016'),
(15, 'Wiza - Roberts', 'Christiansenchester', 'Cletus Parks', 65, 'Tue Jun 12 2018', 'Fri May 04 2012'),
(16, 'Effertz LLC', 'Kundeburgh', 'Mitchell Branch', 3, 'Wed Oct 17 2012', 'Tue Jul 16 2013'),
(17, 'Langosh LLC', 'Bridieville', 'Reinger Cliffs', 77, 'Mon Oct 01 2012', 'Tue Sep 14 2010'),
(18, 'Wilderman, Lehner and Okuneva', 'West Ellis', 'Roob Village', 113, 'Tue Feb 19 2019', null),
(19, 'Nitzsche - Donnelly', 'Lake Santos', 'Demarcus Unions', 76, 'Fri Sep 23 2016', 'Sun Nov 29 2015'),
(20, 'Raynor - Kulas', 'Hellermouth', 'Barrett Court', 115, 'Tue Sep 27 2011', null),
(21, 'Pfeffer', 'DAmore and Daniel', 'South Micah', 'Johnson Rapid', 101, 'Fri Aug 02 2013', 'Wed Jul 11 2018'),
(22, 'Rosenbaum, Hayes and Considine', 'Alenaland', 'Windler Mission', 194, 'Fri Dec 07 2012', null),
(23, 'Corkery - Abshire', 'Tillmanland', 'Hintz Keys', 190, 'Wed Jan 22 2014', null),
(24, 'DAmore', 'Jacobs and Runolfsdottir', 'Port Joanne', 'Wunsch Pike', 66, 'Mon Mar 20 2017', null),
(25, 'Marks - Ryan', 'New Daphneyberg', 'Flatley Parkways', 123, 'Mon Jan 09 2017', null),
(26, 'Morissette, Grimes and Kuhn', 'Juanitaview', 'Emard Locks', 55, 'Thu Jul 21 2011', null),
(27, 'Klocko Group', 'Lake Antonio', 'Rogahn Freeway', 85, 'Sun Sep 16 2012', null),
(28,'Walter and Sons', 'Hesterhaven', 'Garrison Forks', 165, 'Sun Jan 24 2016', 'Sun Jul 11 2010'),
(29, 'Fadel, Farrell and Reinger', 'Roobtown', 'Wilkinson Haven', 4, 'Fri Sep 06 2013', null),
(30, 'Feil, Cartwright and Durgan', 'Javierfort', 'Macie Parks', 105, 'Fri Dec 11 2015', null);

INSERT INTO employee (id, name, surname, middle_name, phone, email, date_birthday)
VALUES
(1, 'Marcelino', 'Ruecker', 'Amparo', '262-490-6642 x236', 'Tatum35@yahoo.com', 'Sat Apr 29 2017'),
(2, 'Unique', 'Blanda', 'Santiago', '(648) 960-8135 x06040', 'Royce.Borer@hotmail.com', 'Fri Nov 11 2016'),
(3, 'Saige', 'Bartell', 'Veda', '(119) 017-8537', 'Kaya.Nolan@yahoo.com', 'Sun Apr 12 2015'),
(4, 'Sydni', 'Kohler', 'Antwon', '1-159-571-6597 x60341', 'Ludwig92@hotmail.com', 'Mon Jul 11 2011'),
(5, 'Holly', 'VonRueden', 'Patricia', '1-723-261-8516', 'Nat.Schamberger35@hotmail.com', 'Fri Apr 07 2017'),
(6, 'Neva', 'Treutel', 'Helene', '1-130-899-5109', 'Jarod65@yahoo.com', 'Mon Jul 08 2019'),
(7, 'Mustafa', 'Goldner', 'Andres', '(223) 774-1316 x323', 'Ole.Hessel@gmail.com', 'Wed Mar 19 2014'),
(8, 'Virginia', 'Baumbach', 'Dorris', '120-431-9277', 'Aida.Jacobson50@hotmail.com', 'Sat Nov 07 2015'),
(9, 'Wallace', 'Ullrich', 'Winifred', '677-434-6547 x6666', 'Mohammed.Hintz11@yahoo.com', 'Wed Jul 11 2018'),
(10, 'Lilla', 'Trantow', 'Lane', '1-790-960-3687', 'Demetris71@yahoo.com', 'Wed Apr 13 2016'),
(11, 'Johanna', 'Zemlak', 'Pauline', '(389) 320-7875 x03339', 'Simone_Beahan12@gmail.com', 'Wed Sep 16 2015'),
(12, 'Travon', 'Carroll', 'Vada', '1-000-321-5764', 'Lura.Mann@hotmail.com', 'Sun Mar 09 2014'),
(13, 'Geovanny', 'Hills', 'Margarette', '(728) 968-3606', 'Allie_Eichmann34@yahoo.com', 'Wed Nov 22 2017'),
(14, 'Bettie', 'Haag', 'Chauncey', '(588) 888-6154 x289', 'Amani8@gmail.com', 'Tue Aug 09 2016'),
(15, 'Delfina', 'OConnell', 'Gerda', '540.464.8022', 'Dario35@gmail.com', 'Mon Oct 05 2015'),
(16, 'Jacynthe', 'Buckridge', 'Hildegard', '026-460-6917 x887', 'Matilde59@gmail.com', 'Mon Dec 17 2018'),
(17, 'Judy', 'Wehner', 'Morris', '1-173-623-4579 x6851', 'Leone.Hand@yahoo.com', 'Mon Apr 23 2018'),
(18, 'Abdiel', 'Brakus', 'Imelda', '(286) 010-8596 x57785', 'Kendrick.Lebsack@hotmail.com', 'Fri Mar 11 2016'),
(19, 'Astrid', 'Lesch', 'Reina', '(283) 685-4359 x8390', 'Rigoberto36@hotmail.com', 'Thu Jan 05 2012'),
(20, 'Stephania', 'Wiza', 'Shad', '1-894-817-2542', 'Anissa.Pfannerstill94@yahoo.com', 'Sat Nov 17 2018'),
(21, 'Patricia', 'Mayer', 'Tyson', '(673) 428-5603', 'Jaron11@hotmail.com', 'Thu Oct 17 2019'),
(22, 'Delphine', 'Gutkowski', 'Crawford', '(257) 371-2805 x2603', 'Rebekah81@hotmail.com', 'Sat Mar 14 2020'),
(23, 'Baron', 'Hessel', 'Talon', '(597) 849-0280', 'Gardner_Hartmann@yahoo.com', 'Tue Nov 28 2017'),
(24, 'Bartholome', 'Macejkovic', 'Clarissa', '(252) 789-4061 x04666', 'Aditya.Koelpin12@yahoo.com', 'Wed Jul 11 2018'),
(25, 'Abbie', 'Mohr', 'Raegan', '(292) 638-4140', 'Jarrell_Rohan65@yahoo.com', 'Tue Mar 25 2014'),
(26, 'Arjun', 'Windler', 'Maxine', '1-600-379-9511', 'Shanie_Gerlach@yahoo.com', 'Tue Nov 29 2011'),
(27, 'Jazlyn', 'Padberg', 'Kamille', '593.379.7933 x72185', 'Agnes.Cummerata17@yahoo.com', 'Tue Mar 03 2020'),
(28, 'Jose', 'Cartwright', 'Arvel', '532-446-3782', 'Danial_Dickinson@yahoo.com', 'Mon May 11 2020'),
(29, 'Reese', 'Tillman', 'Queenie', '940.189.1952', 'Melody.Dooley@yahoo.com', 'Sun Nov 04 2012'),
(30, 'Margie', 'Murray', 'Odessa', '712.226.1732', 'Malika15@hotmail.com', 'Thu Feb 02 2017');

INSERT INTO shop_employee (id, shop_id, employee_id, date_start, date_finish, working_day, weekend)
VALUES
(1, 29, 2, 'Thu Jun 23 2016', 'Thu May 15 2014', '0', '7'),
(2, 20, 25, 'Mon Oct 19 2015', null, '2', '5'),
(3, 4, 13, 'Tue Feb 12 2019', 'Sat Feb 01 2020', '6', '1'),
(4, 21, 20, 'Tue May 01 2012', null, '2', '5'),
(5, 6, 27, 'Fri Dec 24 2010', null, '7', '0'),
(6, 10, 10, 'Thu Oct 21 2010', null, '5', '2'),
(7, 16, 19, 'Mon Dec 16 2013', null, '6', '1'),
(8, 4, 13, 'Thu Nov 09 2017', 'Fri Feb 07 2020', '0', '7'),
(9, 17, 30, 'Thu Jul 29 2010', null, '5', '2'),
(10, 5, 28, 'Mon Jan 20 2014', null, '7', '0'),
(11, 21, 19, 'Tue Oct 20 2015', 'Mon Jul 14 2014', '7', '0'),
(12, 21, 4, 'Tue Oct 23 2018', 'Sat Oct 24 2015', '7', '0'),
(13, 13, 6, 'Tue Oct 02 2012', null, '6', '1'),
(14, 19, 6, 'Sat Mar 16 2019', null, '4', '3'),
(15, 6, 27, 'Sun Mar 22 2020', null, '2', '5'),
(16, 6, 26, 'Thu Jul 05 2012', 'Tue Mar 01 2011', '2', '5'),
(17, 9, 23, 'Thu Mar 31 2016', 'Fri Dec 13 2019', '7', '0'),
(18, 27, 3, 'Wed Jul 31 2019', null, '1', '6'),
(19, 12, 9, 'Sat Nov 12 2016', null, '4', '3'),
(20, 17, 13, 'Sun Oct 06 2013', null, '5', '2'),
(21, 19, 2, 'Sat Oct 23 2010', null, '7', '0'),
(22, 1, 22, 'Tue Dec 07 2010', null, '1', '6'),
(23, 1, 25, 'Sun Oct 27 2013', 'Tue Feb 07 2012', '7', '0'),
(24, 2, 2, 'Wed Jul 16 2014', null, '2', '5'),
(25, 26, 14, 'Fri Apr 01 2011', null, '6', '1'),
(26, 18, 4, 'Sat Dec 28 2019', null, '6', '1'),
(27, 5, 28, 'Sat Aug 07 2010', null, '5', '2'),
(28, 24, 13, 'Sat Mar 16 2013', null, '2', '5'),
(29, 13, 19, 'Wed May 16 2018', 'Sun May 05 2019', '3', '4'),
(30, 2, 29, 'Thu Sep 01 2016', null, '1', '6');

INSERT INTO product (id, name)
VALUES
(1, 'productivity'),
(2, 'Generic Frozen Mouse'),
(3, 'mesh'),
(4, 'digital'),
(5, 'markets'),
(6, 'Avon'),
(7, 'Monitored'),
(8, 'Configuration'),
(9, 'Burkina Faso'),
(10, 'grey'),
(11, 'deliverables'),
(12, 'invoice'),
(13, 'Architect'),
(14, 'Avon'),
(15, 'bi-directional'),
(16, 'Innovative'),
(17, 'explicit'),
(18, 'Meadows'),
(19, 'reboot'),
(20, 'compressing'),
(21, 'Credit Card Account'),
(22, 'SMTP'),
(23, 'harness'),
(24, 'capacitor'),
(25, 'Trail'),
(26, 'intranet'),
(27, 'tertiary'),
(28, 'Cambridgeshire'),
(29, 'indigo'),
(30, 'violet');

INSERT INTO property (id, product_id, cotegory, descriptoin)
VALUES
(1,9, 'distributed', 'Gorgeous'),
(2, 29, 'cyan Engineer', 'Congo'),
(3, 20, 'Applications', 'portals interactive'),
(4, 3, 'deposit CSS Checking Account', 'Personal Loan Account Fantastic Fresh Bacon'),
(5, 23, 'Orchestrator Botswana', 'Forward payment'),
(6, 25, 'orchestrate bluetooth PNG', 'Pennsylvania'),
(7, 18, 'transmitting', 'leading-edge'),
(8, 20, 'Bacon', 'parsing Berkshire Sleek'),
(9, 16, 'Som Global', 'compressing'),
(10, 17, 'Future Facilitator', 'web services Colorado Turkey'),
(11, 16, 'wireless generate', 'local calculating high-level'),
(12, 20, '1080p', 'Djibouti Franc'),
(13, 15, 'Handmade Fresh Fish', 'Quality-focused'),
(14, 25, 'RAM', 'Terrace'),
(15, 23, 'Electronics New Hampshire infomediaries', 'Auto Loan Account Focused recontextualize'),
(16, 28, 'e-tailers', 'Borders National Prairie'),
(17, 29, 'frictionless Tunisia Refined Metal Shirt', 'Generic'),
(18, 9, 'Arkansas card supply-chains', 'bypassing Lead'),
(19, 18, 'Russian Ruble Music Avon', 'Home'),
(20, 18, 'Health Handmade Fresh Computer white', 'infrastructure Liaison'),
(21, 9, 'Avon', 'Haiti supply-chains Planner'),
(22, 1, 'Connecticut Consultant', 'Auto Loan Account Alaska Car'),
(23, 30, 'Square Home Upgradable', 'deploy Malawi vertical'),
(24, 8, 'parsing', 'Engineer 24/7 bypass'),
(25, 7, 'Chair innovate', 'Adaptive mobile'),
(26, 3, 'Ohio client-server Pre-emptive', 'Response'),
(27, 24, 'synthesizing', 'metrics dynamic'),
(28, 8, 'Implementation', 'cross-platform Sports Unbranded Fresh Cheese'),
(29, 21, 'Robust Reactive', 'Branding Rustic Soft Shirt Jamaica'),
(30, 12, 'harness', 'Books payment');

INSERT INTO departament (id, name)
VALUES
(1, 'CSS'),
(2, 'Mississippi'),
(3, 'card'),
(4, 'Legacy'),
(5, 'withdrawal'),
(6, 'Investment Account'),
(7, 'Soap'),
(8, 'payment'),
(9, 'Direct'),
(10, 'groupware'),
(11, 'Chief'),
(12, 'Markets'),
(13, 'Auto Loan Account'),
(14, 'Agent'),
(15, 'Macedonia'),
(16, 'Berkshire'),
(17, 'yellow'),
(18, 'optical'),
(19, 'USB'),
(20, 'Path'),
(21, 'local area network'),
(22, 'Outdoors'),
(23, 'Rustic Fresh Gloves'),
(24, 'web services'),
(25, 'Supervisor'),
(26, 'Soft'),
(27, 'eyeballs'),
(28, 'National'),
(29, 'Assistant'),
(30, 'Nigeria');

INSERT INTO client (id, name, surname, middle_name, phone, email, number_card)
VALUES
(1, 'Marlen', 'Swift', 'Jaiden', '1-961-541-9327', 'Audreanne.Schumm68@gmail.com', '3837525851'),
(2, 'Lenna', 'Schmeler', 'Christine', '1-740-506-5556', 'Clair.Kshlerin46@yahoo.com', '7470162210'),
(3, 'Buck', 'Conroy', 'Willard', '1-100-140-4335 x00746', 'Garrett_Murphy78@hotmail.com', '2580079622'),
(4, 'Hillard', 'Altenwerth', 'Enoch', '(866) 000-3685', 'Luella.Quitzon@gmail.com', '2246464896'),
(5, 'Arden', 'Gleason', 'Jayden', '(032) 014-2942 x892', 'Kole5@yahoo.com', '1213092114'),
(6, 'Christina', 'Ryan', 'Charlie', '(956) 401-2049 x15840', 'Francesca.Bailey@yahoo.com', '5626963523'),
(7, 'Quinn', 'Senger', 'Freda', '1-197-585-9934 x85911', 'Kevon.Lubowitz71@yahoo.com', '4918821996'),
(8, 'Gabe', 'Schaden', 'Andre', '(731) 147-6332', 'Kadin13@gmail.com', '7171813321'),
(9, 'Dayne', 'Wintheiser', 'Royce', '695.707.2053 x33273', 'Petra.Collins68@gmail.com', '5487100519'),
(10, 'Emil', 'Reinger', 'Glenda', '406-898-6360 x24288', 'Felipa_Jast@hotmail.com', '8941175120'),
(11, 'Joseph', 'Blick', 'Scotty', '967.956.5821', 'Casey_Hintz50@yahoo.com', '9664964433'),
(12, 'Alysson', 'Bosco', 'Lukas', '(569) 752-0140 x5006', 'Hans47@gmail.com', '9749572407'),
(13, 'Jared', 'Wolf', 'Telly', '(159) 821-8037 x43057', 'Lucas80@yahoo.com', '4686881690'),
(14, 'Deshawn', 'Koss', 'Cameron', '751-823-2801', 'Keshawn_Dicki62@gmail.com', '2352258125'),
(15, 'Lurline', 'Beier', 'Scarlett', '599-819-9088 x95970', 'Ellie.Shields38@gmail.com', '9693364650'),
(16, 'Marge', 'Wiegand', 'Consuelo', '(395) 782-3236 x852', 'Ruthe.Jones@hotmail.com', '5587911673'),
(17, 'Kristopher', 'Daniel', 'Izaiah', '(419) 453-8199 x291', 'Doyle52@gmail.com', '9487540943'),
(18, 'Elsa', 'Lind', 'Cortez', '214.124.2882 x0666', 'Horace36@gmail.com', '6255322149'),
(19, 'Rose', 'Eichmann', 'Mustafa', '(134) 453-8733', 'Karina.Gutmann@yahoo.com', '2323550786'),
(20, 'Elijah', 'Monahan', 'Angelica', '1-370-580-8334 x6192', 'Casey10@hotmail.com', '7263126492'),
(21, 'Ali', 'Barton', 'Bret', '670.336.8009 x4616', 'Aglae.Padberg@gmail.com', '6991969763'),
(22, 'Margarete', 'Ryan', 'Manley', '(747) 202-0858', 'Baylee_Hintz95@yahoo.com', '4024355693'),
(23, 'Harry', 'Littel', 'Sam', '1-168-173-3774 x972', 'Fleta_Stamm@gmail.com', '6824016873'),
(24, 'Dylan', 'Hoppe', 'Jazmyn', '561-632-4772', 'Hershel.Strosin@yahoo.com', '9468534265'),
(25, 'Uriah', 'DAmore', 'Lilla', '102.357.7844', 'Danial84@yahoo.com', '6409998708'),
(26, 'Zackary', 'Nikolaus', 'Reginald', '(113) 499-5482', 'Claire84@hotmail.com', '1678036765'),
(27, 'Bessie', 'Wilkinson', 'Annabelle', '687-727-5775', 'Llewellyn.Turner@hotmail.com', '2125005205'),
(28, 'Wilfredo', 'Conn', 'Tomasa', '1-719-869-7265', 'Marlon.Ondricka@hotmail.com', '6290235177'),
(29, 'Alanis', 'Hermiston', 'Nathanael', '(997) 779-5282 x1985', 'Sam.Greenholt64@hotmail.com', '4841445405'),
(30, 'Kara', 'Schaefer', 'Maya', '814.042.6605 x8756', 'Pattie85@hotmail.com', '3036670037');

INSERT INTO buy (id, shop_id, product_id, client_id, amount_spent)
VALUES
(1, 6, 18, 17, '47298'),
(2, 11, 29, 25, '4811'),
(3, 14, 20, 16, '6072'),
(4, 13, 23, 2, '96269'),
(5, 14, 13, 4, '71807'),
(6, 14, 2, 11, '99520'),
(7, 22, 1, 26, '18305'),
(8, 14, 8, 15, '6658'),
(9, 11, 13, 5, '1922'),
(10, 1, 11, 29, '42030'),
(11, 30, 15, 15, '90517'),
(12, 16, 26, 1, '4831'),
(13, 21, 17, 20, '86665'),
(14, 24, 10, 5, '97863'),
(15, 3, 15, 20, '20397'),
(16, 16, 25, 3, '68523'),
(17, 29, 8, 23, '2962'),
(18, 18, 16, 25, '34733'),
(19, 28, 30, 17, '91517'),
(20, 20, 30, 7, '38083'),
(21, 1, 28, 7, '67523'),
(22, 30, 5, 4, '65459'),
(23, 4, 19, 8, '61345'),
(24, 5, 4, 1, '66899'),
(25, 16, 29, 26, '62077'),
(26, 20, 1, 7, '98082'),
(27, 14, 4, 7, '78338'),
(28, 10, 27, 26, '70468'),
(29, 4, 28, 13, '1407'),
(30, 26, 1, 26, '4893');

INSERT INTO warehouse (id, product_id, count)
VALUES
(1, 10, 805),
(2, 25, 253),
(3, 9, 2),
(4, 16, 83),
(5, 16, 895),
(6, 5, 849),
(7, 10, 967),
(8, 10, 831),
(9, 12, 407),
(10, 20, 135),
(11, 26, 627),
(12, 20, 781),
(13, 28, 415),
(14, 11, 706),
(15, 18, 405),
(16, 27, 67),
(17, 8, 620),
(18, 7, 558),
(19, 16, 515),
(20, 26, 350),
(21, 26, 709),
(22, 17, 392),
(23, 25, 133),
(24, 25, 926),
(25, 22, 576),
(26, 5, 928),
(27, 26, 687),
(28, 23, 507),
(29, 10, 503),
(30, 29, 703);

INSERT INTO supplier (id, name, phone, email)
VALUES
(1, 'Gerlach, Murray and Morar', '1-933-719-6866 x5185', 'Lowell90@gmail.com'),
(2, 'Emmerich Inc', '(819) 198-4989', 'Elwyn_Jacobi93@yahoo.com'),
(3, 'Hoeger and Sons', '157.870.3405 x91250', 'Jaylon_Homenick@hotmail.com'),
(4, 'Williamson - Harris', '537-792-3314 x54314', 'Darrion10@yahoo.com'),
(5, 'Cummerata and Sons', '1-956-514-6768 x22110', 'Nathanael.Hettinger@hotmail.com'),
(6, 'Dickens, Trantow and Champlin', '971-151-6196 x559', 'Maude_Abbott@gmail.com'),
(7, 'Friesen and Sons', '1-318-804-1815', 'Josiane.Weimann55@hotmail.com'),
(8, 'Gutmann, Steuber and Koepp', '218.010.7002 x0818', 'Garrett.Dach@yahoo.com'),
(9, 'Schamberger - Reinger', '431.419.4550', 'Pearlie63@yahoo.com'),
(10, 'Hahn - Jacobs', '044-555-9253 x2200', 'Yolanda60@gmail.com'),
(11, 'Toy, Purdy and Runolfsdottir', '1-179-088-3376', 'Jaylen26@hotmail.com'),
(12, 'Bechtelar, Weber and White', '1-869-445-1014 x7892', 'Jane_Gottlieb@gmail.com'),
(13, 'OKeefe' - 'Wolff', '862-326-4490 x1557', 'Kristoffer.Fritsch77@yahoo.com'),
(14, 'Murphy - Smitham', '1-585-701-7285 x14496', 'Brant35@yahoo.com'),
(15, 'Roob - Abshire', '1-715-002-6759 x19541', 'Jermey.Quitzon@gmail.com'),
(16, 'Balistreri, Bayer and Nikolaus', '452.976.9096', 'Carlos.Adams57@hotmail.com'),
(17, 'Quigley, Pouros and Greenholt', '(787) 555-7251', 'Velma.Koepp5@yahoo.com'),
(18, 'Osinski Group', '1-664-243-5116', 'Adelle76@hotmail.com'),
(19, 'Botsford Group', '196.724.3027', 'Merritt_McKenzie@gmail.com'),
(20, 'Wilkinson - Kuhn', '(674) 664-3371 x9544', 'Morton.Ullrich@yahoo.com'),
(21, 'Stark - Mann', '518-129-5194', 'Bernard_Jakubowski@gmail.com'),
(22, 'Ankunding LLC', '783.566.9927 x4862', 'Viva_Lind@yahoo.com'),
(23, 'Connelly Group', '479-719-8787', 'Mose.Kunze@yahoo.com'),
(24, 'Stanton - Schultz', '(785) 498-9778', 'Karli_Ratke@yahoo.com'),
(25, 'Gutkowski, Boyer and Senger', '367-586-8879', 'Jamaal.Welch@yahoo.com'),
(26, 'Abernathy - Wolf', '1-534-773-0456 x145', 'Abbie25@gmail.com'),
(27, 'Wiza, Orn and Balistreri', '147.676.6684', 'Abigayle63@gmail.com'),
(28, 'Lynch, Jakubowski and Volkman', '1-659-228-4802', 'Faustino87@yahoo.com'),
(29, 'Rath - Dare', '439.428.2320', 'Cale_Padberg57@gmail.com'),
(30, 'Jast and Sons', '1-064-590-3629 x5551', 'Grayson.Ruecker61@yahoo.com');

INSERT INTO supplier_shop_product (id, shop_id, employee_id, supplier_id, price, count)
VALUES
(1, 3, 11, 2, 470, 8),
(2, 16, 21, 15, 234, 4),
(3, 19, 23, 7, 986, 6),
(4, 22, 24, 9, 700, 6),
(5, 6, 8, 17, 780, 3),
(6, 8, 17, 3, 860, 10),
(7, 17, 27, 5, 617, 9),
(8, 13, 12, 14, 902, 7),
(9, 8, 17, 18, 940, 1),
(10, 12, 4, 5, 806, 0),
(11, 10, 30, 14, 912, 7),
(12, 23, 11, 14, 340, 10),
(13, 20, 17, 20, 742, 5),
(14, 21, 27, 15, 573, 9),
(15, 30, 3, 18, 206, 2),
(16, 4, 9, 23, 311, 7),
(17, 11, 22, 18, 277, 10),
(18, 7, 22, 11, 547, 3),
(19, 26, 14, 26, 159, 3),
(20, 15, 14, 6, 523, 10),
(21, 20, 25, 11, 88, 1),
(22, 28, 25, 27, 246, 5),
(23, 19, 16, 18, 847, 6),
(24, 22, 7, 30, 380, 6),
(25, 2, 23, 4, 571, 5),
(26, 27, 24, 18, 611, 0),
(27, 13, 30, 5, 824, 3),
(28, 2, 5, 13, 249, 1),
(29, 1, 2, 18, 517, 7),
(30, 22, 10, 13, 615, 4);

INSERT INTO division (id, name, description, date_start)
VALUES
(1, 'Doyle - Adams', 'red', 'Thu Mar 29 2018'),
(2, 'Green LLC', 'indigo', 'Sat Jul 20 2019'),
(3, 'Klocko - Harris', 'concept Analyst', 'Sun Jan 25 2015'),
(4, 'Watsica Inc', 'Tasty Wooden Fish lime', 'Wed Apr 18 2012'),
(5, 'Jacobs Inc', 'solution Sleek', 'Tue Oct 04 2016'),
(6, 'Cummings and Sons', 'connecting Specialist bandwidth', 'Wed Jan 13 2016'),
(7, 'Armstrong, Hills and Toy', 'transmitter', 'Fri Sep 02 2016'),
(8, 'Gleichner, Douglas and Donnelly', 'solutions parse', 'Sat Nov 17 2018'),
(9, 'Koch, Cruickshank and OHara', 'District Iceland Krona Branding', 'Tue Feb 13 2018'),
(10, 'Parisian, Murphy and Greenfelder', 'compressing', 'Wed Jun 12 2013'),
(11, 'Effertz, Greenfelder and Smith', 'Rial Omani whiteboard Borders', 'Sun Oct 17 2010'),
(12, 'Vandervort Group', 'application User-centric Awesome Soft Tuna', 'Fri Sep 25 2015'),
(13, 'Sawayn - Hermiston', 'reboot', 'Mon Jul 16 2018'),
(14, 'Huels, DuBuque and Cummings', 'Branding', 'Thu Aug 25 2016'),
(15, 'Stehr and Sons', 'transmit', 'Tue Nov 15 2011'),
(16, 'Dickens - Quitzon', 'collaborative', 'Thu Sep 01 2011'),
(17, 'Hoeger, Stehr and Prohaska', 'Books', 'Tue Feb 06 2018'),
(18, 'Nader, Monahan and West', 'Graphical User Interface', 'Sun Jan 01 2012'),
(19, 'Schaden and Sons', 'Court plum Games', 'Tue Oct 11 2011'),
(20, 'Will and Sons', 'generate', 'Wed Sep 18 2019'),
(21, 'Torphy, Wisoky and Cruickshank', 'Trinidad and Tobago collaborative', 'Mon Jan 23 2017'),
(22, 'Torp', 'OKon and Parker', 'Administrator', 'Sat Aug 18 2018'),
(23, 'Little Group', 'Research', 'Tue Jun 25 2019'),
(24, 'Pfeffer Inc', 'EXE Intelligent', 'Mon Nov 05 2018'),
(25, 'Durgan Inc', 'Jewelery Handmade Plastic Shirt Total', 'Sat Aug 17 2013'),
(26, 'Cassin, Waelchi and Kihn', 'Bike', 'Wed Nov 06 2019'),
(27, 'Krajcik, Will and Fahey', 'California multimedia Avon', 'Tue Nov 16 2010'),
(28, 'Zieme, Rippin and Hamill', 'Avon Unbranded Metal Soap', 'Mon Aug 01 2016'),
(29, 'Tromp - Jenkins', 'Up-sized Personal Loan Account compelling', 'Sat Dec 29 2012'),
(30, 'Brakus Group', 'XML Administrator', 'Mon Mar 05 2012');

INSERT INTO stock (product_id, cotegory, discription)
VALUES
(23, 'Soft', 'Generic Steel Towels'),
(4, 'withdrawal digital', 'Communications'),
(26, 'Developer Buckinghamshire', 'initiatives Usability Hat'),
(19, 'Granite', 'Cotton'),
(1, 'Savings Account virtual synergies', 'Balanced Kentucky'),
(7, 'payment', 'digital Home Loan Account Representative'),
(20, 'Frozen quantifying multi-state', 'port'),
(17, 'Administrator', 'transmit Nakfa Granite'),
(10, 'Norwegian Krone', 'PCI'),
(12, 'Bedfordshire withdrawal asymmetric', 'Directives Rubber Lead'),
(26, 'Virtual black', 'Program'),
(19, 'toolset', 'Gorgeous Intelligent Rubber Chair'),
(1, 'Fantastic', 'Representative Auto Loan Account'),
(6, 'Designer copying Cambridgeshire', 'Papua New Guinea card'),
(8, 'Buckinghamshire digital', 'Frozen Engineer International'),
(1, 'Berkshire Clothing', 'Compatible facilitate'),
(12, 'Berkshire invoice', 'indigo'),
(7, 'Optimization Credit Card Account', 'process improvement'),
(25, 'Sleek Plastic Hat Cheese', 'Lake monetize SDD'),
(28, 'Concrete Berkshire', 'navigate'),
(8, 'process improvement', 'parsing Finland Keyboard'),
(28, 'calculating Ecuador Ergonomic Cotton Bacon', 'Ireland'),
(6, 'black', 'Berkshire'),
(9, 'invoice Corporate synthesizing', 'Chilean Peso Unidades de fomento Director Re-contextualized'),
(24, 'Rwanda Franc Handcrafted Granite Tuna', 'New York'),
(18, 'B2B Cameroon database', 'Borders Sausages bypass'),
(17, 'Wisconsin', 'driver program'),
(19, 'Toys', 'transition synergy Optional'),
(5, 'Ball alarm', 'haptic'),
(24, 'Yen compressing', 'analyzer Licensed Fresh Pants');

INSERT INTO department_employee (id, division_id, employee_id, date_start, date_finish, working_day, weekend)
VALUES
(1, 3, 28, 'Sun Aug 23 2015', null, '3', '4'),
(2, 10, 15, 'Mon Sep 16 2019', 'Sun Oct 05 2014', '2', '5'),
(3, 11, 26, 'Mon Dec 09 2013', 'Fri Mar 16 2018', '3', '4'),
(4, 28, 3, 'Wed May 17 2017', null, '3', '4'),
(5, 4, 13, 'Tue Sep 15 2015', 'Thu May 19 2016', '5', '2'),
(6, 25, 25, 'Thu May 10 2012', 'Fri Oct 21 2016', '1', '6'),
(7, 4, 23, 'Sun Aug 18 2019', 'Sat Jul 10 2010', '1', '6'),
(8, 19, 9, 'Wed Jan 04 2012', null, '6', '1'),
(9, 18, 6, 'Tue Aug 16 2011', null, '1', '6'),
(10, 29, 23, 'Wed Oct 11 2017', null, '6', '1'),
(11, 9, 17, 'Sun Feb 22 2015', null, '3', '4'),
(12, 23, 25, 'Thu Jan 29 2015', null, '1', '6'),
(13, 14, 29, 'Sun Mar 04 2018', 'Wed Sep 13 2017', '0', '7'),
(14, 26, 4, 'Sat Apr 06 2013', null, '7', '0'),
(15, 6, 18, 'Tue Apr 26 2011', null, '2', '5'),
(16, 15, 30, 'Fri Oct 17 2014', null, '3', '4'),
(17, 14, 5, 'Fri Mar 30 2018', null, '7', '0'),
(18, 26, 13, 'Sun May 15 2016', 'Sat Dec 08 2012', '2', '5'),
(19, 21, 20, 'Sun Sep 23 2012', null, '2', '5'),
(20, 17, 27, 'Fri Nov 25 2016', 'Mon Apr 14 2014', '4', '3'),
(21, 22, 6, 'Fri Feb 23 2018', null, '1', '6'),
(22, 10, 13, 'Wed Jul 13 2011', null, '6', '1'),
(23, 25, 17, 'Sun Jun 10 2012', null, '0', '7'),
(24, 1, 14, 'Fri Jun 03 2011', 'Tue Oct 13 2015', '2', '5'),
(25, 19, 1, 'Mon Jun 27 2016', 'Wed Mar 29 2017', '1', '6'),
(26, 3, 20, 'Sat Oct 01 2016', null, '6', '1'),
(27, 20, 21, 'Thu Aug 25 2016', null, '6', '1'),
(28, 18, 1, 'Tue Nov 09 2010', 'Tue Oct 04 2016', '3', '4'),
(29, 19, 17, 'Sun May 26 2019', 'Thu Jan 21 2016', '4', '3'),
(30, 20, 5, 'Thu Nov 19 2015', 'Thu Oct 22 2015', '6', '1');